Concept,Billing NPI,Number of Provider Hits,Number of Claim Hits, Total Qualifying Paid Amount , Total Claim Paid Amount 
DME_location,1902502867,1,30,"$14,734 ","$15,591 "
DME_location,1598702847,1,2,$79 ,$152 
DME_location,1811963812,1,20,"$73,328 ","$73,328 "
DME_location,1538111828,1,31,$780 ,"$225,524 "
DME_location,1962413765,1,16,"$2,820 ","$2,820 "
DME_location,1447518543,1,5,"$1,057 ","$1,057 "
DME_location,1942906136,1,4,"$1,830 ","$1,830 "
DME_location,1750333282,1,1, $-   , $-   
DME_location,1881100089,1,3,$224 ,$224 
DME_location,1922084698,1,2,$456 ,$456 
DME_location,1801605605,1,8,"$2,353 ","$2,353 "
DME_location,1902836943,1,1, $-   ,"$6,140 "
DME_location,1154194637,1,16,"$7,268 ","$8,475 "
DME_location,1811957681,1,12,$368 ,"$4,767 "
DME_location,1912909086,1,4,$259 ,$469 
DME_location,1083724868,1,2,$130 ,$130 
DME_location,1447212592,1,1, $-   ,"$3,264 "
DME_location,1528052446,1,2, $-   , $-   
DME_location,1437978913,1,2,"$1,742 ","$1,742 "
DME_location,1649247974,1,1, $-   ,"$2,699 "
DME_location,1073148581,1,2, $-   ,$224 
DME_location,1891787594,1,434,"$35,783 ","$44,029 "
DME_location,1154579597,1,19,"$5,030 ","$5,346 "
DME_location,1346562105,1,3,$262 ,$284 
Intravitreal_injection_2,1003803032,1,2,"$3,117 ","$3,205 "
DME_location,1043217391,1,2,$285 ,$285 
DME_location,1033161773,1,2,$610 ,$610 
DME_location,1316625536,1,3,$515 ,$515 
Intravitreal_injection_EM,1851531602,1,1181,"$265,879 ","$2,210,390 "
DME_location,1558313478,1,212,"$5,102 ","$5,920 "
DME_location,1831116623,1,41,"$1,818 ","$2,067 "
DME_location,1205547429,1,12,"$3,497 ","$5,412 "
DME_location,1659970770,1,204,"$45,603 ","$49,654 "
DME_location,1457354219,1,2,$172 ,$172 
DME_location,1790390789,1,2, $-   , $-   
DME_location,1023187085,1,1,$62 ,$62 
DME_location,1124571104,1,3, $-   ,"$8,327 "
DME_location,1013390764,1,1,$199 ,$199 
DME_location,1295279990,1,2,$291 ,$388 
DME_location,1134293012,1,36,"$77,220 ","$77,220 "
DME_location,1598486631,1,9,"$2,629 ","$3,262 "
DME_location,1952161150,1,1,$839 ,$839 
DME_location,1457970782,1,1,$58 ,$58 
DME_location,1942841218,1,1,$35 ,$35 
DME_location,1437984168,1,5,$642 ,"$1,243 "
DME_location,1972383388,1,1,$108 ,$108 
DME_location,1265525703,1,3,$397 ,"$1,160 "
DME_location,1871063214,1,1,"$8,269 ","$8,269 "
Intravitreal_injection_EM,1912270109,1,769,"$194,633 ","$1,494,863 "
DME_location,1801582200,1,8,"$3,101 ","$3,670 "
DME_location,1235434283,1,1,$117 ,$154 
DME_location,1548367063,1,7,$596 ,$596 
DME_location,1598839474,1,42,"$82,036 ","$83,320 "
Intravitreal_injection_EM,1255464244,1,85,"$12,534 ","$70,838 "
DME_location,1679066658,1,53,$754 ,"$8,145 "
DME_location,1184626079,1,3,$191 ,$191 
DME_location,1740213362,1,1,$395 ,$395 
DME_location,1134722390,1,1,$120 ,$120 
Skin_graft,1073804712,1,219,"$5,566,880 ","$6,006,363 "
DME_location,1801509047,1,3,"$1,656 ","$2,640 "
DME_location,1861187585,1,6,"$1,990 ","$2,486 "
DME_location,1811158215,1,57,"$20,628 ","$147,526 "
DME_location,1386652261,1,2,$170 ,$170 
DME_location,1174558472,1,2,$32 ,$32 
DME_location,1992754758,1,14,"$1,059 ","$1,059 "
DME_location,1962684886,1,1,$57 ,$57 
DME_location,1952715559,1,2,$862 ,$862 
DME_location,1932702107,1,4,$322 ,$322 
DME_location,1942337167,1,1,$45 ,$45 
DME_location,1366449282,1,52,"$3,520 ","$201,292 "
DME_location,1528437373,1,61,"$341,854 ","$345,966 "
DME_location,1144394032,1,5,"$1,788 ","$1,857 "
DME_location,1841989019,1,1,"$1,140 ","$1,140 "
DME_location,1538155015,1,13,"$3,657 ","$6,926 "
DME_location,1891782470,1,3, $-   ,"$9,880 "
DME_location,1235181389,1,1,$32 ,$32 
DME_location,1639852866,1,7,"$2,482 ","$2,482 "
DME_location,1558322305,1,1,$164 ,$164 
DME_location,1003150723,1,3,"$1,420 ","$3,979 "
DME_location,1235819673,1,10,"$1,992 ","$1,992 "
DME_location,1912915885,1,3,$273 ,$273 
DME_location,1801588694,1,4,$154 ,$154 
DME_location,1881375517,1,2,$687 ,$687 
DME_location,1093842395,1,1,$53 ,$53 
DME_location,1275500084,1,1, $-   , $-   
DME_location,1417711995,1,35,"$16,466 ","$16,466 "
DME_location,1750736567,1,20,"$241,824 ","$253,730 "
DME_location,1902681281,1,9,"$3,025 ","$3,658 "
DME_location,1134898034,1,4,$133 ,$133 
DME_location,1073156436,1,2,$817 ,$817 
DME_location,1184796245,1,9,$969 ,$969 
DME_location,1316011273,1,1,$644 ,$644 
DME_location,1205125663,1,1,$253 ,$253 
Intravitreal_injection_EM,1104959055,1,50,"$8,171 ","$52,008 "
DME_location,1649984774,1,33,"$1,230 ","$1,232 "
DME_location,1356092472,1,8,"$7,688 ","$8,321 "
Intravitreal_injection_EM,1003803032,1,118,"$24,133 ","$186,511 "
DME_location,1366460248,1,7,$304 ,$899 
DME_location,1295844397,1,7,$365 ,"$2,599 "
DME_location,1649701525,1,2,$57 ,$110 
DME_location,1699243402,1,5,$700 ,$700 
DME_location,1629373527,1,71,"$6,549 ","$6,907 "
DME_location,1043251341,1,1346,"$120,978 ","$167,790 "
DME_location,1598703019,1,3,$177 ,"$1,682 "
DME_location,1255704060,1,1, $-   , $-   
DME_location,1629830294,1,4,"$5,058 ","$5,058 "
DME_location,1366430423,1,2,$49 ,$49 
DME_location,1659950103,1,27,"$15,531 ","$15,531 "
DME_location,1538340476,1,2,$488 ,$488 
DME_location,1265044150,1,2,$887 ,$887 
DME_location,1417432840,1,2, $-   ,"$3,352 "
DME_location,1023511169,1,1, $-   ,$90 
DME_location,1861902728,1,29,"$7,262 ","$7,631 "
Intravitreal_injection_EM,1215100318,1,1008,"$154,824 ","$1,151,011 "
DME_location,1720722820,1,16,"$1,222 ","$1,404 "
Intravitreal_injection_2,1205553369,1,10,"$10,837 ","$13,992 "
DME_location,1770657652,1,5,"$7,867 ","$7,867 "
DME_location,1457423196,1,4,"$1,964 ","$1,964 "
DME_location,1346524980,1,3,$79 ,$79 
DME_location,1477583599,1,21,"$1,371 ","$1,397 "
DME_location,1891069530,1,1,$81 ,$81 
DME_location,1598381212,1,1,"$1,997 ","$1,997 "
DME_location,1497505929,1,1,$359 ,$359 
DME_location,1831986223,1,1,"$2,923 ","$2,923 "
DME_location,1447431879,1,11,"$3,535 ","$3,535 "
DME_location,1568537769,1,6,$448 ,$520 
Intravitreal_injection_EM,1366732851,1,7,$576 ,"$9,013 "
DME_location,1154462026,1,4, $-   , $-   
DME_location,1639125271,1,35,"$2,142 ","$2,253 "
DME_location,1457337214,1,1,$104 ,$104 
DME_location,1508495953,1,1,$510 ,$510 
DME_location,1801186549,1,1,$95 ,$95 
Intravitreal_injection_EM,1245211333,1,424,"$86,083 ","$717,483 "
DME_location,1962517607,1,102,"$215,274 ","$257,604 "
DME_location,1952936767,1,2, $-   ,$538 
DME_location,1083601439,1,1,$121 ,$121 
DME_location,1396761706,1,5,$267 ,$344 
DME_location,1386639920,1,4,$155 ,$155 
DME_location,1083283287,1,2,$262 ,$262 
DME_location,1558134205,1,1,$667 ,$667 
Intravitreal_injection_2,,0,0,,
DME_location,1790408581,1,8,"$2,230 ","$2,910 "
Skin_graft,1104818418,1,10,"$288,674 ","$290,730 "
DME_location,1023704012,1,11,"$4,860 ","$7,849 "
DME_location,1659088326,1,5,"$1,346 ","$1,777 "
DME_location,1073205811,1,1,$58 ,$58 
DME_location,1497797088,1,66,"$1,401 ","$224,908 "
DME_location,1891473757,1,14,"$7,839 ","$7,839 "
DME_location,1043341126,1,10,"$1,936 ","$7,573 "
DME_location,1164142808,1,1,"$1,447 ","$1,447 "
DME_location,1346314226,1,1,$473 ,$473 
DME_location,1679114078,1,1,$133 ,$133 
Intravitreal_injection_EM,1043287469,1,1714,"$158,708 ","$1,714,410 "
DME_location,1811681620,1,1,$627 ,$627 
DME_location,1932885738,1,42,"$15,422 ","$15,422 "
DME_location,1528690492,1,1,$70 ,$288 
DME_location,1770365074,1,10,"$2,601 ","$2,601 "
DME_location,1669449930,1,1, $-   , $-   
DME_location,1922054915,1,2,$133 ,$265 
DME_location,1043867054,1,1, $-   , $-   
DME_location,1003829342,1,446,"$66,125 ","$70,140 "
DME_location,1487343505,1,2,$639 ,$639 
DME_location,1871368076,1,16,"$5,370 ","$5,370 "
DME_location,1104843978,1,55,"$2,815 ","$3,131 "
DME_location,1952830838,1,5,"$24,257 ","$24,257 "
DME_location,1871560425,1,1,$141 ,$141 
DME_location,1396816104,1,2,"$9,660 ","$9,660 "
DME_location,1669082814,1,4,$982 ,$982 
DME_location,1033480488,1,147,"$15,557 ","$30,529 "
DME_location,1295517126,1,85,"$7,477 ","$10,415 "
DME_location,1568241974,1,60,"$29,686 ","$29,686 "
DME_location,1639177579,1,7,$769 ,"$1,793 "
DME_location,1861566747,1,25,"$47,875 ","$48,410 "
DME_location,1558405571,1,1, $-   , $-   
Intravitreal_injection_EM,1154854990,1,1, $-   , $-   
DME_location,1043246556,1,3,$166 ,$166 
DME_location,1841062361,1,1,$117 ,$117 
DME_location,1770610941,1,1,$121 ,$121 
DME_location,1396166633,1,2,$259 ,$259 
DME_location,1336245513,1,1,$156 ,$156 
DME_location,1588687552,1,1,$410 ,$410 
DME_location,1861419764,1,87,"$4,400 ","$4,725 "
DME_location,1336149426,1,106,"$140,748 ","$154,444 "
Intravitreal_injection_EM,1477591089,1,83,"$16,805 ","$73,650 "
Intravitreal_injection_2,1265547483,1,71,"$60,832 ","$64,950 "
DME_location,1265675631,1,5,$309 ,$493 
DME_location,1861970097,1,1, $-   ,$17 
DME_location,1508520008,1,16,"$6,839 ","$6,839 "
DME_location,1578742839,1,1,$126 ,$126 
DME_location,1831163559,1,2,$34 ,$69 
DME_location,1568933091,1,1, $-   , $-   
Intravitreal_injection_2,1760408397,1,365,"$989,658 ","$1,203,055 "
DME_location,1316038623,1,4,$258 ,$495 
DME_location,1518611607,1,4,"$1,504 ","$2,041 "
DME_location,1245221092,1,1,$106 ,$106 
DME_location,1700663861,1,10,"$3,204 ","$3,514 "
DME_location,1245060292,1,3,"$2,199 ","$2,199 "
DME_location,1437238284,1,1, $-   , $-   
DME_location,1457308827,1,151,"$8,448 ","$9,378 "
DME_location,1518031665,1,17,"$66,206 ","$67,259 "
DME_location,1730678590,1,1,$433 ,$433 
DME_location,1265122329,1,8,"$4,600 ","$4,600 "
DME_location,1770112724,1,2,"$1,733 ","$1,733 "
DME_location,1366513293,1,2,$315 ,$315 
DME_location,1598593220,1,4, $-   , $-   
DME_location,1558135699,1,2, $-   ,$270 
DME_location,1003929050,1,2,$44 ,$89 
DME_location,1992476576,1,61,"$11,370 ","$11,370 "
DME_location,1124865647,1,6,"$2,324 ","$2,324 "
DME_location,1407625304,1,4,"$1,303 ","$2,134 "
DME_location,1568454056,1,35,"$8,334 ","$8,356 "
Intravitreal_injection_2,1710936190,1,71,"$166,362 ","$172,174 "
DME_location,1780669200,1,12,"$2,259 ","$2,259 "
DME_location,1689778300,1,157,"$6,193 ","$6,850 "
DME_location,1669108940,1,18,"$7,832 ","$7,832 "
DME_location,1104028810,1,2,$129 ,$258 
Intravitreal_injection_EM,1821251802,1,2, $-   , $-   
DME_location,1710900857,1,12,"$2,575 ","$2,575 "
DME_location,1912953290,1,3,$376 ,$376 
DME_location,1942238514,1,24,"$4,332 ","$7,722 "
DME_location,1326048893,1,12,"$1,999 ","$2,179 "
DME_location,1598714560,1,2, $-   , $-   
DME_location,1497749899,1,1, $-   , $-   
DME_location,1306246012,1,4, $-   , $-   
DME_location,1790747244,1,265,"$61,186 ","$75,176 "
DME_location,1083328736,1,52,"$43,854 ","$43,854 "
DME_location,1972697068,1,63,"$80,385 ","$80,385 "
DME_location,1912611427,1,50,"$17,530 ","$22,203 "
DME_location,1477589737,1,2,$174 ,$174 
DME_location,1861246266,1,12,"$6,867 ","$6,867 "
DME_location,1679327365,1,1,$124 ,$124 
DME_location,1194820639,1,2,"$1,460 ","$2,486 "
DME_location,1356894604,1,15, $-   ,"$2,759 "
DME_location,1821274382,1,2,$131 ,$131 
Skin_graft,1457601601,1,12,"$160,465 ","$162,838 "
DME_location,1912478603,1,1,$403 ,$403 
DME_location,1578023198,1,2,"$1,466 ","$2,612 "
DME_location,1295589372,1,7,"$3,029 ","$3,029 "
DME_location,1447553144,1,1,$52 ,$52 
DME_location,1992012181,1,1,$29 ,$52 
DME_location,1356345920,1,23, $-   ,"$2,724 "
DME_location,1598262198,1,2,"$1,997 ","$1,997 "
DME_location,1558146472,1,3,"$2,635 ","$2,635 "
DME_location,1073976452,1,8,"$2,123 ","$2,247 "
DME_location,1316512551,1,3,"$3,733 ","$7,062 "
DME_location,1205906302,1,3,$127 ,$209 
DME_location,1841044989,1,2,"$1,340 ","$1,340 "
DME_location,1275136210,1,1,$40 ,$40 
DME_location,1134126493,1,22,"$62,498 ","$76,723 "
DME_location,1720765399,1,18,"$12,408 ","$15,694 "
DME_location,1205617214,1,18,"$4,465 ","$4,465 "
DME_location,1316630965,1,19,"$2,682 ","$2,682 "
DME_location,1336327659,1,8,$418 ,$627 
DME_location,1104219468,1,1,$133 ,$133 
DME_location,1235137563,1,817,"$86,312 ","$90,927 "
DME_location,1336955434,1,31, $-   ,"$7,506 "
DME_location,1285705111,1,2, $-   , $-   
DME_location,1457126575,1,19,"$11,464 ","$11,464 "
DME_location,1457803066,1,4,$533 ,$533 
DME_location,1023678745,1,1,$30 ,$30 
DME_location,1467407775,1,1, $-   ,"$3,264 "
DME_location,1629038336,1,1, $-   ,"$1,438 "
DME_location,1992550446,1,2,$723 ,$723 
Intravitreal_injection_EM,1477788297,1,2787,"$619,679 ","$6,624,805 "
DME_location,1275530057,1,14,$340 ,$540 
DME_location,1134826357,1,78,"$42,415 ","$42,764 "
DME_location,1114210218,1,373,"$104,627 ","$104,627 "
DME_location,1629018163,1,41,$521 ,$578 
DME_location,1770589368,1,73,"$65,076 ","$66,651 "
DME_location,1871691535,1,6,"$14,566 ","$17,737 "
DME_location,1457396079,1,5, $-   ,"$15,780 "
DME_location,1114569100,1,11,"$1,644 ","$1,644 "
DME_location,1174220263,1,1,$131 ,$131 
DME_location,1912474784,1,2,$245 ,$245 
DME_location,1154778645,1,157,"$13,220 ","$16,182 "
DME_location,1265420335,1,121,"$255,783 ","$272,152 "
DME_location,1639880636,1,19,"$10,479 ","$10,909 "
DME_location,1609050723,1,2,$133 ,$133 
DME_location,1164990040,1,1,"$1,334 ","$1,334 "
DME_location,1417374992,1,1, $-   , $-   
DME_location,1588352611,1,2,"$1,052 ","$1,052 "
DME_location,1417933524,1,1,$219 ,$219 
DME_location,1013790195,1,2,"$1,051 ","$1,051 "
DME_location,1841779105,1,3, $-   , $-   
DME_location,1093843500,1,1, $-   , $-   
DME_location,1629828025,1,2,$735 ,$735 
Intravitreal_injection_EM,1760729644,1,1, $-   , $-   
DME_location,1386429454,1,16,"$8,001 ","$11,852 "
DME_location,1588390306,1,6,"$4,505 ","$6,680 "
Intravitreal_injection_2,1598700114,1,53,"$113,607 ","$138,539 "
DME_location,1073138699,1,4,"$4,606 ","$4,606 "
DME_location,1225878143,1,2,$535 ,$535 
Intravitreal_injection_2,1205923240,1,10,"$22,584 ","$31,310 "
DME_location,1679660617,1,1, $-   ,"$3,264 "
DME_location,1942981394,1,1,$292 ,$292 
DME_location,1649307885,1,1,$391 ,$391 
DME_location,1437932712,1,1,$917 ,$917 
Intravitreal_injection_EM,1366557803,1,175,"$52,195 ","$346,954 "
DME_location,1710915756,1,68,"$2,436 ","$321,357 "
DME_location,1710697560,1,16,"$124,712 ","$127,120 "
DME_location,1760534358,1,2,$845 ,$845 
DME_location,1033851506,1,11,"$4,459 ","$6,212 "
DME_location,1225058548,1,4,$594 ,$594 
DME_location,1669532248,1,2,$87 ,$87 
DME_location,1033195110,1,1,$302 ,$302 
DME_location,1033950373,1,1,$475 ,$475 
DME_location,1790533503,1,574,"$525,172 ","$778,012 "
DME_location,1922763150,1,111,"$35,519 ","$43,899 "
DME_location,1598322067,1,18,"$4,420 ","$8,022 "
DME_location,1669821336,1,1,"$1,688 ","$1,688 "
DME_location,1457044406,1,1,$121 ,$121 
DME_location,1831289826,1,1,$160 ,$160 
DME_location,1386643856,1,1,$37 ,$155 
DME_location,1811952146,1,1,$407 ,$407 
DME_location,1700201100,1,3,$74 ,$74 
DME_location,1073818555,1,3, $-   , $-   
DME_location,1578048294,1,1,$41 ,"$7,789 "
DME_location,1841281821,1,103,"$35,995 ","$39,650 "
DME_location,1346595543,1,30,"$59,724 ","$61,552 "
DME_location,1154458800,1,1,$110 ,$110 
DME_location,1780350777,1,82,"$22,255 ","$25,374 "
DME_location,1417369364,1,3,"$1,358 ","$1,358 "
DME_location,1811912611,1,2,$83 ,$83 
DME_location,1104987957,1,1, $-   ,"$1,197 "
DME_location,1083604300,1,18,"$12,213 ","$12,213 "
DME_location,1114017688,1,8,$654 ,$654 
DME_location,1376573048,1,9,$849 ,$919 
Intravitreal_injection_EM,1588678817,1,90,"$16,350 ","$57,586 "
DME_location,1538511969,1,1, $-   , $-   
DME_location,1982778031,1,55,"$108,440 ","$114,130 "
DME_location,1962464016,1,1, $-   ,"$1,346 "
DME_location,1942905047,1,22,"$9,001 ","$13,520 "
DME_location,1265470645,1,2,$40 ,$40 
DME_location,1689863110,1,1,$26 ,$26 
DME_location,1376114033,1,3,$826 ,$826 
DME_location,1427040328,1,1,$66 ,$166 
DME_location,1386203933,1,13,"$3,442 ","$3,442 "
DME_location,1578289740,1,6,$316 ,$633 
DME_location,1437459617,1,5, $-   ,"$20,537 "
Intravitreal_injection_2,1821251802,1,2, $-   , $-   
DME_location,1831883396,1,3,"$1,308 ","$1,308 "
DME_location,1316755663,1,1,$124 ,$124 
DME_location,1669064226,1,4,"$1,133 ","$1,693 "
DME_location,1790702686,1,37,"$1,949 ","$2,064 "
DME_location,1851019988,1,47,"$32,723 ","$33,319 "
DME_location,1417542556,1,18,"$1,010 ","$1,010 "
DME_location,1457429375,1,3,$173 ,$173 
DME_location,1881647204,1,33,"$3,277 ","$222,976 "
DME_location,1811432024,1,6,"$4,646 ","$5,027 "
DME_location,1154033074,1,25,"$7,604 ","$9,780 "
DME_location,,0,0,,
DME_location,1194591941,1,1,$286 ,$286 
DME_location,1750307161,1,9,"$1,400 ","$1,989 "
DME_location,1992004535,1,1,$26 ,$26 
DME_location,1336175462,1,4,$152 ,$209 
DME_location,1669417531,1,1,$131 ,$131 
DME_location,1073134805,1,4,$142 ,$142 
DME_location,1710948716,1,1,$133 ,$133 
Intravitreal_injection_EM,1235192113,1,941,"$246,389 ","$1,902,744 "
DME_location,1497158554,1,95,"$91,250 ","$98,226 "
DME_location,1568124089,1,2,$286 ,$286 
DME_location,1497752026,1,154,"$29,526 ","$31,574 "
DME_location,1326818683,1,15,"$3,106 ","$3,106 "
Skin_graft,1558681197,1,8,"$21,700 ","$22,485 "
DME_location,1700896354,1,4, $-   ,"$10,263 "
DME_location,1558189589,1,1,"$1,803 ","$1,803 "
DME_location,1295883973,1,2, $-   , $-   
DME_location,1356093967,1,2,$381 ,$763 
DME_location,1144083262,1,28,"$9,085 ","$9,476 "
DME_location,1073221552,1,2,"$1,964 ","$1,964 "
DME_location,1972929297,1,25,"$1,880 ","$1,880 "
DME_location,1972380996,1,39,"$11,947 ","$11,947 "
DME_location,1710524954,1,3,$288 ,$288 
DME_location,1013305960,1,1,$405 ,$405 
Intravitreal_injection_2,1689048423,1,11,"$2,090 ","$2,602 "
DME_location,1972971893,1,1,$202 ,$202 
DME_location,1396595922,1,2,"$1,524 ","$1,524 "
DME_location,1700213956,1,2, $-   ,$246 
DME_location,1003850884,1,1,"$1,655 ","$1,655 "
DME_location,1699734509,1,1,$62 ,$62 
DME_location,1205540242,1,2,$387 ,$387 
DME_location,1215702139,1,105,"$21,349 ","$21,349 "
DME_location,1538264478,1,4,$377 ,"$1,540 "
DME_location,1871214791,1,17,"$6,057 ","$8,237 "
DME_location,1093718538,1,3,"$16,533 ","$16,533 "
DME_location,1518713486,1,1,$441 ,$441 
DME_location,1124565585,1,3,$125 ,$191 
DME_location,1154493203,1,3,$139 ,$139 
Intravitreal_injection_EM,1831222637,1,49,"$8,877 ","$40,935 "
DME_location,1487135885,1,6,$71 ,$108 
DME_location,1861728479,1,3,"$10,912 ","$10,912 "
DME_location,1396754354,1,2,$169 ,$169 
DME_location,1831816313,1,1,$628 ,$628 
DME_location,1861447179,1,1,$150 ,$213 
DME_location,1801506654,1,3,"$21,888 ","$21,888 "
DME_location,1265754311,1,51,"$2,676 ","$3,095 "
DME_location,1891506887,1,112, $-   ,"$71,888 "
DME_location,1780655803,1,40,"$2,414 ","$2,934 "
DME_location,1538799333,1,27,"$10,017 ","$10,364 "
DME_location,1205553369,1,53,"$3,737 ","$3,737 "
DME_location,1922018100,1,2,$239 ,$239 
DME_location,1508842964,1,1,$18 ,$130 
DME_location,1588805790,1,21,"$1,900 ","$2,169 "
DME_location,1477625101,1,2,$248 ,$629 
DME_location,1053551432,1,2,"$15,126 ","$15,126 "
DME_location,1679516033,1,1, $-   , $-   
DME_location,1326503913,1,3, $-   , $-   
DME_location,1407815756,1,2,$348 ,$348 
DME_location,1245933787,1,1,$26 ,$26 
DME_location,1518339696,1,221,"$31,445 ","$33,488 "
Intravitreal_injection_2,1205944477,1,32,"$43,709 ","$45,748 "
DME_location,1629392592,1,1,$214 ,$214 
DME_location,1588850820,1,7,"$1,020 ","$1,020 "
DME_location,1275175705,1,1,$168 ,$168 
DME_location,1912189218,1,1, $-   , $-   
DME_location,1295862928,1,2,$40 ,$40 
DME_location,1598784720,1,2, $-   ,"$3,719 "
DME_location,1376272013,1,1,$475 ,$475 
Intravitreal_injection_EM,1730212739,1,90,"$13,903 ","$75,446 "
DME_location,1629303847,1,78,"$5,484 ","$6,492 "
DME_location,1215674148,1,17,"$8,243 ","$10,908 "
DME_location,1740208081,1,26,"$1,946 ","$95,665 "
DME_location,1639881725,1,2,"$1,108 ","$1,108 "
DME_location,1588408967,1,6,"$1,083 ","$1,524 "
DME_location,1730123175,1,1, $-   ,"$3,264 "
DME_location,1629788476,1,4,"$2,670 ","$2,670 "
DME_location,1730917766,1,6,"$2,702 ","$2,702 "
DME_location,1700507019,1,8,"$3,142 ","$3,142 "
DME_location,1376207506,1,14,$750 ,$783 
DME_location,1467523399,1,1,"$1,107 ","$1,107 "
DME_location,1063128841,1,3,$951 ,"$1,576 "
DME_location,1861597072,1,6,$777 ,$777 
DME_location,1346298023,1,1,$156 ,$156 
DME_location,1346710571,1,1,$644 ,$644 
DME_location,1154942795,1,1, $-   , $-   
DME_location,1245006535,1,25,"$21,912 ","$21,912 "
DME_location,1700116746,1,550,"$196,148 ","$204,880 "
DME_location,1679976393,1,3,$196 ,$196 
DME_location,1346909942,1,2,"$1,329 ","$1,329 "
DME_location,1720799190,1,49,"$8,301 ","$8,683 "
DME_location,1780451682,1,2,"$1,114 ","$1,114 "
DME_location,1184317919,1,12,"$6,874 ","$7,855 "
DME_location,1255963021,1,67,"$2,831 ","$3,194 "
DME_location,1922490531,1,4,$498 ,$701 
DME_location,1801244090,1,2,"$1,221 ","$1,221 "
DME_location,1922170653,1,1, $-   , $-   
DME_location,1932813037,1,211,"$18,127 ","$19,205 "
DME_location,1417649849,1,5,"$1,678 ","$4,566 "
DME_location,1992589873,1,13,"$8,289 ","$10,152 "
DME_location,1295842193,1,12,$623 ,$692 
DME_location,1811764749,1,2,"$1,027 ","$1,027 "
DME_location,1699053272,1,7,"$1,395 ","$1,395 "
DME_location,1669973517,1,9,"$1,061 ","$1,169 "
DME_location,1376168591,1,1,$62 ,$62 
DME_location,1477628246,1,1, $-   , $-   
DME_location,1235319005,1,2,$69 ,$69 
DME_location,1871667741,1,1,$9 ,$9 
DME_location,1922341544,1,14,"$4,642 ","$5,629 "
DME_location,1952093700,1,5,$251 ,$251 
Intravitreal_injection_EM,1205553369,1,275,"$69,718 ","$629,457 "
Skin_graft,1730574757,1,23,"$94,816 ","$106,311 "
DME_location,1487482998,1,14,"$5,771 ","$5,771 "
DME_location,1518522408,1,3,"$2,092 ","$2,092 "
DME_location,1821719329,1,4,"$2,002 ","$3,882 "
DME_location,1528783727,1,3,"$1,083 ","$1,525 "
DME_location,1689426538,1,2,$399 ,$399 
DME_location,1508903477,1,15,"$104,149 ","$104,530 "
DME_location,1316011299,1,1,$301 ,$301 
DME_location,1194595884,1,13,"$3,425 ","$3,425 "
DME_location,1427030550,1,324,"$187,830 ","$196,613 "
DME_location,1528416831,1,155,"$9,382 ","$11,190 "
DME_location,1346071297,1,22,"$8,821 ","$8,821 "
DME_location,1962790501,1,3,$288 ,$288 
DME_location,1306938071,1,2, $-   ,"$3,481 "
DME_location,1487480786,1,17,"$5,835 ","$5,835 "
DME_location,1558727172,1,1,$69 ,$383 
DME_location,1417923475,1,1,$210 ,$210 
DME_location,1871289009,1,1,$108 ,$108 
DME_location,1871131664,1,3,$242 ,$242 
DME_location,1801177712,1,2,$915 ,"$1,830 "
DME_location,1437223583,1,2,$572 ,"$1,144 "
DME_location,1982657433,1,1,$89 ,$120 
DME_location,1427508209,1,1,$37 ,$37 
DME_location,1720832256,1,8,"$4,420 ","$4,420 "
DME_location,1053027110,1,18,"$16,874 ","$16,874 "
DME_location,1629412671,1,20,"$1,129 ","$1,385 "
DME_location,1184159188,1,1,$186 ,$527 
DME_location,1760580609,1,4,$379 ,$379 
DME_location,1528519352,1,1,$117 ,$117 
DME_location,1275604100,1,2,"$22,378 ","$22,378 "
DME_location,1073804712,1,685,"$111,630 ","$114,991 "
DME_location,1649010554,1,3,$923 ,"$1,267 "
DME_location,1083719538,1,6,$253 ,"$5,978 "
DME_location,1003681644,1,7,"$3,755 ","$3,755 "
DME_location,1699522326,1,3,"$2,519 ","$2,519 "
DME_location,1902109895,1,2,$129 ,$129 
DME_location,1407913890,1,1,$212 ,$212 
DME_location,1679525919,1,1,$39 ,$78 
DME_location,1609574920,1,2,$265 ,$265 
DME_location,1790478774,1,6, $-   , $-   
DME_location,1932653292,1,79,"$3,797 ","$4,467 "
DME_location,1275199978,1,51, $-   ,"$495,556 "
DME_location,1467690578,1,1,$70 ,$204 
DME_location,1265287304,1,1,$469 ,$469 
DME_location,1548956444,1,22,"$7,082 ","$13,085 "
DME_location,1619641453,1,7,$538 ,$538 
DME_location,1053050260,1,3,$129 ,$129 
DME_location,1811295041,1,1,$202 ,$202 
DME_location,1427095249,1,3, $-   ,$622 
DME_location,1710905245,1,1,$70 ,$259 
DME_location,1255067385,1,1,$671 ,$671 
DME_location,1669060703,1,27,"$21,152 ","$31,641 "
DME_location,1821026816,1,1, $-   ,"$3,389 "
DME_location,1407413974,1,1, $-   , $-   
DME_location,1588656508,1,3, $-   ,"$3,083 "
DME_location,1205407285,1,1,$191 ,$191 
Intravitreal_injection_2,1043287469,1,61,"$71,449 ","$78,765 "
DME_location,1366912586,1,8,$874 ,"$2,097 "
DME_location,1346937075,1,1,$133 ,$133 
DME_location,1306202296,1,26,"$44,426 ","$59,474 "
DME_location,1366205023,1,1, $-   , $-   
DME_location,1760571673,1,3,$75 ,$75 
DME_location,1982638730,1,4,$139 ,$176 
DME_location,1891376075,1,5,"$1,608 ","$1,608 "
DME_location,1831110667,1,2,$86 ,$86 
DME_location,1922082957,1,1, $-   ,$0 
DME_location,1811607229,1,20,"$1,187 ","$1,187 "
DME_location,1457525339,1,99,"$11,681 ","$13,830 "
DME_location,1962987677,1,61,$30 ,"$339,131 "
DME_location,1134173529,1,2,"$1,459 ","$3,326 "
DME_location,1962079723,1,1, $-   , $-   
DME_location,1548457278,1,4,$62 ,$62 
DME_location,1225234131,1,1,$26 ,$26 
DME_location,1033356811,1,2,$795 ,$795 
DME_location,1235592874,1,2,"$4,464 ","$4,464 "
Intravitreal_injection_EM,1457483273,1,1864,"$492,128 ","$4,821,307 "
DME_location,1780667824,1,119,"$49,076 ","$51,270 "
Intravitreal_injection_2,1295799823,1,66,"$37,637 ","$42,629 "
DME_location,1306616388,1,2,$602 ,$602 
DME_location,1730540287,1,4,$392 ,$392 
DME_location,1700854627,1,11,"$24,046 ","$45,281 "
DME_location,1396041075,1,5, $-   ,$654 
DME_location,1467496802,1,3, $-   ,"$49,250 "
DME_location,1528052578,1,5,$730 ,"$3,225 "
DME_location,1962434779,1,1,"$2,433 ","$2,433 "
DME_location,1104008895,1,1,$222 ,$222 
DME_location,1881476661,1,10,"$2,977 ","$2,977 "
DME_location,1245922327,1,47,"$22,292 ","$23,936 "
DME_location,1730923384,1,2,$302 ,$302 
DME_location,1265433171,1,7,"$1,538 ","$1,538 "
DME_location,1700591690,1,5,"$1,924 ","$2,384 "
DME_location,1457382483,1,5,$554 ,"$2,498 "
DME_location,1003980988,1,1,$248 ,$248 
DME_location,1922837608,1,2,$393 ,$393 
DME_location,1003554445,1,3,$317 ,$317 
DME_location,1184709057,1,3,$437 ,"$5,536 "
Intravitreal_injection_2,1689968216,1,2,"$1,335 ","$2,697 "
DME_location,1780393280,1,8,"$3,558 ","$4,244 "
DME_location,1033116389,1,43,"$98,838 ","$99,648 "
DME_location,1245863034,1,1,$26 ,$26 
DME_location,1477294718,1,3,"$1,753 ","$2,630 "
DME_location,1336452911,1,3,$667 ,$703 
DME_location,1902832348,1,1,$395 ,$395 
DME_location,1861270894,1,6,"$6,102 ","$6,102 "
DME_location,1053144022,1,1,$234 ,$234 
Intravitreal_injection_EM,1225304553,1,1, $-   , $-   
DME_location,1710414305,1,1,$349 ,$349 
DME_location,1780311183,1,24,"$14,239 ","$16,014 "
DME_location,1336197631,1,1,$25 ,$25 
DME_location,1942505482,1,1, $-   , $-   
DME_location,1013985696,1,1,$33 ,$33 
DME_location,1841291200,1,3,$218 ,$326 
DME_location,1003341959,1,1,$146 ,$146 
DME_location,1164464707,1,3,$57 ,$79 
DME_location,1841479573,1,47,"$105,024 ","$179,498 "
DME_location,1821053869,1,36,"$102,253 ","$105,202 "
DME_location,1023723905,1,17,"$9,824 ","$14,950 "
Intravitreal_injection_EM,1538196209,1,25,"$2,064 ","$17,091 "
DME_location,1538569637,1,6,$458 ,$458 
DME_location,1780077982,1,1,$37 ,$37 
DME_location,1861705196,1,1,$221 ,$221 
DME_location,1609586452,1,3,"$1,905 ","$1,905 "
DME_location,1679189815,1,1,$234 ,$234 
DME_location,1437903564,1,3,"$1,439 ","$1,439 "
DME_location,1043703945,1,1,"$4,361 ","$4,361 "
DME_location,1558063859,1,1,$458 ,$458 
Intravitreal_injection_2,1235192113,1,62,"$50,784 ","$60,083 "
DME_location,1710761903,1,5,"$1,382 ","$1,602 "
Intravitreal_injection_2,1851531602,1,34,"$90,499 ","$122,257 "
DME_location,1760841985,1,16, $-   ,"$3,222 "
DME_location,1093774416,1,3,"$1,044 ","$1,044 "
DME_location,1548634850,1,40,"$4,087 ","$4,530 "
DME_location,1962714725,1,64,"$20,174 ","$20,949 "
DME_location,1114601291,1,1,$431 ,$431 
DME_location,1437119310,1,4,$100 ,"$4,320 "
DME_location,1578059085,1,1,"$16,670 ","$16,670 "
DME_location,1053713222,1,2, $-   , $-   
DME_location,1790101004,1,244,"$14,844 ","$16,514 "
Intravitreal_injection_EM,1326089442,1,253,"$69,912 ","$581,540 "
DME_location,1962434324,1,415,"$25,411 ","$38,674 "
DME_location,1366826299,1,10,"$7,206 ","$7,206 "
DME_location,1548203821,1,2,$202 ,$202 
DME_location,1932898046,1,1,$359 ,$359 
DME_location,1497706766,1,1,$54 ,$54 
DME_location,1437994282,1,5,"$4,124 ","$4,124 "
DME_location,1932846193,1,3,"$1,547 ","$1,547 "
DME_location,1316564578,1,1,$135 ,$135 
DME_location,1447282066,1,19,"$1,384 ","$1,441 "
DME_location,1144803040,1,26,"$2,318 ","$6,433 "
DME_location,1073320115,1,39, $-   , $-   
DME_location,1629705900,1,3,$967 ,$967 
DME_location,1790708030,1,5,$82 ,$124 
DME_location,1679299010,1,4,"$2,098 ","$4,196 "
DME_location,1487935763,1,7,"$497,141 ","$497,141 "
DME_location,1760799720,1,1, $-   , $-   
DME_location,1679647556,1,2,$812 ,$812 
DME_location,1568100691,1,20,"$2,358 ","$2,761 "
DME_location,1144948209,1,41,"$29,953 ","$39,246 "
DME_location,1417057639,1,8,$844 ,"$1,179 "
DME_location,1073558953,1,1,$521 ,$521 
DME_location,1194748160,1,1,$29 ,$29 
DME_location,1720159650,1,1,$217 ,$217 
DME_location,1609503689,1,1,$79 ,$79 
DME_location,1891773917,1,4,$79 ,$159 
DME_location,1124661384,1,1,$68 ,$172 
Intravitreal_injection_2,1477788297,1,143,"$411,623 ","$499,938 "
DME_location,1306579685,1,4,"$1,456 ","$1,456 "
DME_location,1427075860,1,1,$133 ,$133 
DME_location,1659383255,1,34,"$2,285 ","$2,408 "
DME_location,1427075027,1,16, $-   ,"$171,784 "
DME_location,1780908087,1,1, $-   , $-   
DME_location,1578592408,1,1,$266 ,$266 
Intravitreal_injection_EM,1659052017,1,178,"$32,028 ","$228,837 "
DME_location,1073535860,1,69,"$26,291 ","$29,399 "
DME_location,1508524406,1,7,"$3,022 ","$3,517 "
DME_location,1407584261,1,4,"$1,306 ","$1,306 "
DME_location,1932109576,1,1,$29 ,$29 
DME_location,1255809539,1,2,"$1,420 ","$2,530 "
DME_location,1821077306,1,1,$493 ,$493 
DME_location,1528004108,1,161,"$144,534 ","$144,534 "
Intravitreal_injection_2,1992703540,1,138,"$248,526 ","$270,411 "
DME_location,1093370389,1,49,"$3,322 ","$3,383 "
DME_location,1497113500,1,1,$121 ,$121 
DME_location,1376592964,1,253,"$35,119 ","$76,775 "
DME_location,1306347257,1,26,"$1,993 ","$3,027 "
DME_location,1740875806,1,6, $-   ,"$1,170 "
DME_location,1790732303,1,2, $-   ,"$1,184 "
DME_location,1922750694,1,6,"$3,165 ","$3,165 "
DME_location,1497585434,1,2,$816 ,$816 
DME_location,1538844402,1,1,$811 ,$811 
DME_location,1851145098,1,5,$577 ,$577 
DME_location,1881771640,1,122,"$75,112 ","$86,021 "
DME_location,1780125013,1,749,"$263,376 ","$324,985 "
DME_location,1780758664,1,20,"$95,520 ","$95,520 "
DME_location,1558501551,1,13,"$3,856 ","$4,232 "
DME_location,1407521768,1,24,"$23,824 ","$26,800 "
DME_location,1871295089,1,32,"$7,523 ","$7,523 "
DME_location,1609124668,1,13,"$1,274 ","$1,274 "
DME_location,1669123584,1,2, $-   , $-   
DME_location,1356307581,1,1,$17 ,$79 
DME_location,1295305795,1,2, $-   , $-   
DME_location,1821569294,1,161,"$86,634 ","$89,114 "
DME_location,1619606613,1,15,"$3,413 ","$4,218 "
DME_location,1922172063,1,2,$60 ,$60 
DME_location,1881222958,1,1,$36 ,$36 
DME_location,1831970847,1,2,"$1,575 ","$1,575 "
DME_location,1770210122,1,3,"$1,131 ","$1,628 "
DME_location,1821615204,1,6,$274 ,$354 
DME_location,1477276699,1,3, $-   ,"$1,360 "
DME_location,1639150600,1,1,$38 ,$38 
DME_location,1134293004,1,2,$214 ,$214 
DME_location,1225102106,1,1,$397 ,$397 
DME_location,1114987344,1,1200,"$163,086 ","$178,853 "
DME_location,1518960814,1,1, $-   , $-   
DME_location,1508139908,1,6,"$1,346 ","$1,346 "
DME_location,1386844470,1,8,"$3,991 ","$3,991 "
DME_location,1063495299,1,3,$133 ,$133 
DME_location,1972578359,1,1,$290 ,$290 
DME_location,1336955855,1,2,$801 ,$801 
DME_location,1073068128,1,8,"$1,722 ","$1,851 "
DME_location,1952475832,1,49,"$93,109 ","$126,554 "
DME_location,1528659042,1,5,"$5,436 ","$5,436 "
DME_location,1356151021,1,1,$234 ,$234 
DME_location,1144775032,1,1, $-   , $-   
DME_location,1215359922,1,9, $-   ,"$63,091 "
DME_location,1659053809,1,3,$692 ,$692 
DME_location,1770778193,1,32,"$157,523 ","$180,121 "
DME_location,1528187770,1,10,$184 ,$295 
DME_location,1275523581,1,11,$300 ,$329 
DME_location,1003810748,1,8,"$18,218 ","$18,218 "
DME_location,1083632020,1,3,"$9,365 ","$9,365 "
DME_location,1225862360,1,3,"$2,855 ","$2,855 "
DME_location,1891935821,1,11,$620 ,"$2,189 "
DME_location,1003803032,1,18,"$2,467 ","$3,468 "
DME_location,1881370997,1,2,"$1,110 ","$1,110 "
DME_location,1700639341,1,3,"$1,986 ","$1,986 "
DME_location,1083359897,1,1,$304 ,$304 
DME_location,1679274617,1,2,"$1,420 ","$2,530 "
DME_location,1700616315,1,2,$656 ,$656 
DME_location,1497119283,1,7, $-   ,"$21,732 "
DME_location,1437182490,1,1, $-   , $-   
DME_location,1255026183,1,13,"$5,722 ","$12,336 "
DME_location,1730443094,1,14,"$9,699 ","$9,699 "
DME_location,1851348403,1,2,$57 ,$57 
DME_location,1548921265,1,1, $-   , $-   
DME_location,1144395906,1,1, $-   , $-   
DME_location,1972148989,1,2,$97 ,$97 
DME_location,1649327750,1,99,"$8,240 ","$8,673 "
DME_location,1306629654,1,18,"$11,711 ","$11,711 "
DME_location,1417718958,1,6,"$3,738 ","$3,738 "
DME_location,1912583980,1,7,"$1,692 ","$2,041 "
DME_location,1912197146,1,1, $-   , $-   
DME_location,1942394119,1,1,$102 ,$102 
DME_location,1912999897,1,34,"$30,345 ","$39,961 "
DME_location,1023715372,1,6,"$1,831 ","$2,710 "
DME_location,1801669254,1,3,$875 ,$875 
DME_location,1629354279,1,3,$730 ,$730 
DME_location,1083481998,1,4,"$1,751 ","$1,751 "
DME_location,1235226598,1,1,$206 ,$396 
DME_location,1598336554,1,1, $-   , $-   
DME_location,1801957378,1,2,$378 ,$378 
DME_location,1811462260,1,232,"$14,414 ","$17,029 "
DME_location,1558311357,1,37,"$4,843 ","$4,998 "
DME_location,1205889458,1,2, $-   ,$561 
DME_location,1790873503,1,31,"$3,122 ","$3,122 "
DME_location,1679591440,1,1,$415 ,$415 
DME_location,1033895586,1,7,"$2,798 ","$2,798 "
DME_location,1427145176,1,2,$370 ,$370 
DME_location,1750321253,1,3,$178 ,$178 
DME_location,1588394928,1,6,"$3,031 ","$3,031 "
DME_location,1154643195,1,1,$286 ,$286 
DME_location,1346681467,1,1,$302 ,$302 
DME_location,1073835765,1,1,$423 ,$423 
DME_location,1699448266,1,14,"$27,574 ","$40,456 "
Intravitreal_injection_EM,1649349291,1,3,$282 ,"$1,981 "
DME_location,1003592767,1,4,"$1,823 ","$1,823 "
Intravitreal_injection_2,1881952810,1,12,"$24,586 ","$26,180 "
DME_location,1376731596,1,1,$161 ,$161 
DME_location,1265722318,1,1, $-   ,$217 
DME_location,1770751943,1,1,$295 ,$295 
DME_location,1992781587,1,36,"$48,585 ","$53,041 "
DME_location,1194413872,1,6,"$4,039 ","$4,440 "
DME_location,1992084198,1,7,"$1,473 ","$3,678 "
DME_location,1952332801,1,1, $-   ,"$1,613 "
DME_location,1821851791,1,9,"$4,537 ","$4,537 "
DME_location,1023790383,1,3,"$1,410 ","$1,410 "
DME_location,1386424455,1,6,"$4,330 ","$5,312 "
DME_location,1093134710,1,1,"$1,613 ","$1,613 "
DME_location,1831857705,1,3,$895 ,$895 
DME_location,1922023738,1,2,$91 ,$91 
DME_location,1033284435,1,1,$209 ,$209 
DME_location,1114471471,1,133,"$6,307 ","$7,068 "
DME_location,1942956123,1,23, $-   ,"$195,193 "
DME_location,1437919024,1,3,"$1,919 ","$1,919 "
DME_location,1841824802,1,16,"$5,495 ","$8,246 "
DME_location,1659656916,1,68,"$139,247 ","$139,247 "
Intravitreal_injection_2,1457483273,1,50,"$122,764 ","$145,710 "
DME_location,1710348784,1,32,"$2,696 ","$3,276 "
DME_location,1184323743,1,6,"$6,415 ","$7,988 "
DME_location,1356453393,1,1,$118 ,$118 
DME_location,1477246494,1,1,$480 ,$480 
DME_location,1851480560,1,3,"$6,370 ","$6,370 "
DME_location,1174263479,1,8,"$3,175 ","$4,966 "
DME_location,1306836465,1,4,$141 ,$141 
DME_location,1780281840,1,1,$186 ,$186 
DME_location,1407398548,1,2, $-   , $-   
DME_location,1437184165,1,1,$50 ,$50 
DME_location,1407920366,1,3,"$1,435 ","$2,424 "
DME_location,1992176135,1,1,$58 ,$58 
DME_location,1962472860,1,1, $-   ,"$3,264 "
DME_location,1205088341,1,1,$63 ,$63 
DME_location,1609224914,1,77,"$5,928 ","$7,250 "
DME_location,1629167028,1,4,$335 ,$335 
Skin_graft,1053197459,1,17,"$120,963 ","$121,799 "
DME_location,1306015102,1,1, $-   ,$165 
DME_location,1780057737,1,5,"$2,179 ","$2,179 "
DME_location,1730494816,1,1, $-   ,"$2,518 "
DME_location,1790549269,1,1,$124 ,$124 
Intravitreal_injection_EM,1760408397,1,2386,"$425,689 ","$3,919,153 "
DME_location,1518677368,1,23,"$39,198 ","$39,664 "
DME_location,1043384928,1,142,"$237,664 ","$282,883 "
DME_location,1952340994,1,1, $-   , $-   
DME_location,1275608044,1,41,"$46,567 ","$48,733 "
DME_location,1740820851,1,5,$633 ,$633 
DME_location,1184489395,1,1,$224 ,$224 
DME_location,1407573116,1,2,$191 ,$212 
DME_location,1275209926,1,2, $-   ,$265 
DME_location,1619203106,1,1,$29 ,$29 
DME_location,1073605879,1,7,$9 ,"$70,567 "
DME_location,1891366282,1,1,$570 ,$570 
DME_location,1932483831,1,2,$481 ,$481 
DME_location,1578893426,1,154,"$1,981 ","$3,109 "
DME_location,1891869780,1,54,"$262,158 ","$304,061 "
DME_location,1780417097,1,16,"$5,354 ","$5,354 "
DME_location,1053002154,1,6,"$2,664 ","$4,134 "
DME_location,1639182231,1,46,"$87,346 ","$88,640 "
DME_location,1518382357,1,1, $-   ,$63 
DME_location,1467215558,1,3,"$1,066 ","$1,066 "
DME_location,1306290648,1,3,$240 ,$240 
DME_location,1851756050,1,1,$474 ,$474 
DME_location,1063426823,1,1, $-   ,"$3,304 "
DME_location,1942790431,1,3,"$2,296 ","$2,296 "
DME_location,1245080530,1,2,$184 ,$184 
DME_location,1770511552,1,39,"$7,621 ","$9,561 "
DME_location,1629012935,1,61,"$3,090 ","$3,389 "
Intravitreal_injection_EM,1689968216,1,79,"$3,973 ","$98,929 "
DME_location,1467620914,1,6,$340 ,$340 
DME_location,1487382818,1,6,"$1,946 ","$3,732 "
DME_location,1316997356,1,1, $-   , $-   
DME_location,1508307109,1,2,$82 ,$82 
DME_location,1346972700,1,1,$712 ,$712 
DME_location,1124762067,1,1,"$1,110 ","$1,110 "
DME_location,1952614620,1,223,"$27,974 ","$49,015 "
DME_location,1639952211,1,5,"$2,614 ","$2,614 "
DME_location,1033288790,1,3,$79 ,$79 
DME_location,1629075973,1,25,"$84,505 ","$85,364 "
DME_location,1174582050,1,1, $-   ,"$2,767 "
Intravitreal_injection_2,1245211333,1,20,"$16,247 ","$26,282 "
DME_location,1568764751,1,1,"$22,187 ","$22,187 "
DME_location,1689364499,1,3,"$1,848 ","$1,848 "
DME_location,1235970435,1,1,$221 ,$221 
DME_location,1386661452,1,1, $-   , $-   
DME_location,1063422137,1,1,$28 ,$28 
DME_location,1578253712,1,4,"$1,128 ","$2,256 "
Intravitreal_injection_2,1215100318,1,122,"$81,738 ","$104,184 "
DME_location,1093395295,1,215,"$27,953 ","$33,214 "
Intravitreal_injection_EM,1801217948,1,17,"$1,339 ","$10,063 "
DME_location,1811225428,1,1,$196 ,$196 
DME_location,1659771392,1,2,$125 ,$125 
DME_location,1265132161,1,28,"$7,420 ","$7,420 "
DME_location,1023296035,1,6,$224 ,$224 
DME_location,1699008029,1,1,$156 ,$321 
DME_location,1750399192,1,1, $-   , $-   
DME_location,1639885627,1,5,"$2,054 ","$2,054 "
DME_location,1265294839,1,3,"$2,484 ","$2,484 "
Intravitreal_injection_EM,1922094895,1,288,"$54,017 ","$486,607 "
DME_location,1457601601,1,14,"$2,610 ","$2,610 "
DME_location,1245940097,1,11,"$27,029 ","$27,029 "
DME_location,1578685475,1,4,$211 ,$351 
DME_location,1679068126,1,1, $-   , $-   
DME_location,1881632339,1,142,"$5,170 ","$5,303 "
DME_location,1104684455,1,11,"$4,533 ","$4,533 "
DME_location,1053570234,1,16,"$14,579 ","$14,858 "
DME_location,1912629635,1,2,$735 ,$735 
DME_location,1164707725,1,15,"$2,654 ","$90,474 "
DME_location,1942256490,1,2,$126 ,$126 
DME_location,1851096838,1,11,"$5,508 ","$7,009 "
DME_location,1275605917,1,3,$323 ,$646 
DME_location,1548085202,1,1,$840 ,$840 
DME_location,1023574944,1,1,$62 ,$62 
Intravitreal_injection_2,1326089442,1,6,"$3,989 ","$4,386 "
DME_location,1427398023,1,19, $-   ,"$4,159 "
DME_location,1457443624,1,2,"$1,174 ","$1,174 "
DME_location,1245251404,1,8,$551 ,$551 
DME_location,1770982753,1,44,"$2,526 ","$2,583 "
DME_location,1770142390,1,8,"$2,820 ","$3,445 "
DME_location,1033145404,1,2,$60 ,$60 
DME_location,1245263326,1,1, $-   , $-   
DME_location,1811991227,1,2,$22 ,$355 
DME_location,1275043481,1,4, $-   ,$722 
DME_location,1962452755,1,83,"$4,222 ","$27,703 "
DME_location,1194735373,1,39,"$6,156 ","$6,156 "
Intravitreal_injection_2,1922063304,1,12,"$3,851 ","$5,050 "
DME_location,1225047699,1,2,$589 ,$692 
DME_location,1356489850,1,1, $-   , $-   
DME_location,1609858729,1,6, $-   , $-   
DME_location,1780711085,1,2,$37 ,$37 
DME_location,1427680768,1,3, $-   ,$420 
DME_location,1033132378,1,7,"$13,799 ","$25,624 "
DME_location,1972500304,1,4,$357 ,$555 
DME_location,1497704217,1,1791,"$183,146 ","$196,600 "
DME_location,1487663332,1,2,$37 ,$75 
Intravitreal_injection_EM,1780669200,1,157,"$39,101 ","$248,314 "
Intravitreal_injection_2,1659052017,1,12,"$9,989 ","$12,720 "
DME_location,1194790055,1,1, $-   , $-   
DME_location,1881058535,1,41,"$2,881 ","$3,655 "
DME_location,1275178816,1,3,$822 ,$822 
DME_location,1013014240,1,3,$799 ,$799 
DME_location,1730140823,1,13,"$70,573 ","$82,384 "
DME_location,1457114001,1,2,"$2,480 ","$2,480 "
DME_location,1124600051,1,1, $-   , $-   
DME_location,1124722830,1,1,$221 ,$221 
DME_location,1649344797,1,1,$703 ,$703 
DME_location,1497731533,1,7424,"$725,524 ","$797,044 "
DME_location,1003264144,1,31,"$3,047 ","$3,237 "
DME_location,1407574536,1,28,"$16,235 ","$25,817 "
DME_location,1619445426,1,3,$181 ,$311 
DME_location,1427105949,1,4,$161 ,$161 
DME_location,1023122132,1,2, $-   , $-   
DME_location,1184462806,1,1, $-   , $-   
DME_location,1841266194,1,1, $-   ,"$3,304 "
DME_location,1619647203,1,1,$475 ,$475 
DME_location,1306849534,1,316,"$246,134 ","$302,483 "
DME_location,1023856515,1,2,$550 ,$550 
DME_location,1467972927,1,73,"$4,956 ","$5,773 "
DME_location,1689398943,1,18,"$10,009 ","$19,045 "
DME_location,1578516902,1,6,$363 ,$363 
DME_location,1114606589,1,17,"$4,640 ","$4,640 "
DME_location,1063192425,1,2,"$1,152 ","$1,152 "
DME_location,1003154352,1,5,$187 ,$187 
DME_location,1134878416,1,1,$237 ,$237 
Pulm_Diag_EM,1639172869,1,3,"$6,928 ","$6,997 "
Pulm_Diag_EM,1043357791,1,303,"$22,681 ","$25,763 "
Pulm_Diag_EM,1548625684,1,242,"$39,031 ","$39,790 "
Pulm_Diag_EM,1972579837,1,2,"$2,918 ","$3,484 "
Pulm_Diag_EM,1437181914,1,34,"$4,053 ","$4,461 "
Pulm_Diag_EM,1447241435,1,49,"$2,479 ","$6,757 "
Pulm_Diag_EM,1073235230,1,150,"$7,240 ","$8,046 "
Pulm_Diag_EM,1679119499,1,47,"$3,709 ","$3,897 "
Pulm_Diag_EM,1023048279,1,39,"$3,750 ","$4,717 "
Pulm_Diag_EM,1083201040,1,27,"$5,493 ","$5,534 "
Pulm_Diag_EM,1437311933,1,198,"$13,796 ","$18,098 "
Pulm_Diag_EM,1699973784,1,56,"$5,584 ","$6,639 "
Pulm_Diag_EM,1609281641,1,55,"$2,376 ","$2,735 "
Pulm_Diag_EM,1013918960,1,13,"$13,368 ","$14,034 "
Pulm_Diag_EM,1982839015,1,104,"$3,704 ","$5,450 "
Pulm_Diag_EM,1033664933,1,44,"$6,627 ","$6,710 "
Pulm_Diag_EM,1417944224,1,8,"$12,001 ","$15,330 "
Pulm_Diag_EM,1447200233,1,2,"$2,666 ","$2,879 "
Pulm_Diag_EM,1801878632,1,1803,"$184,141 ","$202,188 "
Pulm_Diag_EM,1508987447,1,42,"$2,705 ","$2,773 "
Pulm_Diag_EM,1700860491,1,4,"$2,668 ","$6,020 "
Pulm_Diag_EM,1558786830,1,34,"$2,806 ","$3,313 "
Pulm_Diag_EM,1255388369,1,240,"$24,378 ","$25,520 "
Pulm_Diag_EM,1063517415,1,126,"$7,148 ","$8,768 "
Pulm_Diag_EM,1316303076,1,36,"$2,632 ","$4,395 "
Pulm_Diag_EM,1881647204,1,1,"$2,332 ","$2,332 "
Pulm_Diag_EM,1750353462,1,2,"$2,653 ","$8,750 "
Pulm_Diag_EM,1811582877,1,437,"$42,257 ","$45,676 "
Pulm_Diag_EM,1952404188,1,219,"$12,455 ","$20,456 "
Pulm_Diag_EM,1831189992,1,93,"$4,972 ","$9,187 "
Pulm_Diag_EM,1205859766,1,9,"$3,827 ","$5,376 "
Pulm_Diag_EM,1912999897,1,225,"$19,019 ","$22,498 "
Pulm_Diag_EM,1558537282,1,8,"$3,591 ","$13,085 "
Pulm_Diag_EM,1861792004,1,277,"$17,867 ","$25,906 "
Pulm_Diag_EM,1710008826,1,24,"$2,348 ","$2,396 "
Pulm_Diag_EM,1255880571,1,58,"$4,525 ","$11,096 "
Pulm_Diag_EM,1598943813,1,29,"$2,669 ","$4,230 "
Pulm_Diag_EM,1699722389,1,99,"$5,890 ","$13,199 "
Pulm_Diag_EM,1972065282,1,48,"$3,345 ","$11,788 "
Pulm_Diag_EM,1528525839,1,29,"$2,403 ","$5,892 "
Pulm_Diag_EM,1780822098,1,78,"$5,128 ","$8,364 "
Pulm_Diag_EM,1366912586,1,753,"$46,880 ","$61,748 "
Pulm_Diag_EM,1598017212,1,67,"$6,932 ","$7,000 "
Pulm_Diag_EM,1205553369,1,302,"$29,207 ","$32,280 "
Pulm_Diag_EM,1164690731,1,138,"$18,850 ","$22,888 "
Pulm_Diag_EM,1629037965,1,80,"$10,283 ","$11,333 "
Pulm_Diag_EM,1043260474,1,187,"$15,212 ","$16,460 "
Pulm_Diag_EM,1215995444,1,226,"$14,649 ","$22,380 "
Pulm_Diag_EM,1477648731,1,38,"$3,356 ","$4,159 "
Pulm_Diag_EM,1497797088,1,74,"$12,895 ","$22,139 "
Pulm_Diag_EM,1356372064,1,55,"$2,350 ","$3,406 "
Pulm_Diag_EM,1902836943,1,2,"$2,903 ","$2,935 "
Pulm_Diag_EM,1003150798,1,66,"$6,565 ","$6,991 "
Pulm_Diag_EM,1083069017,1,60,"$5,679 ","$5,896 "
Pulm_Diag_EM,1205826559,1,265,"$12,034 ","$20,778 "
Pulm_Diag_EM,1821467044,1,112,"$10,742 ","$12,701 "
Pulm_Diag_EM,1619911104,1,9,"$7,718 ","$11,484 "
Pulm_Diag_EM,1992703540,1,27,"$3,747 ","$10,245 "
Pulm_Diag_EM,1922144757,1,22,"$10,904 ","$14,860 "
Pulm_Diag_EM,1598761967,1,875,"$70,389 ","$74,035 "
Pulm_Diag_EM,1790748218,1,90,"$11,529 ","$12,021 "
Pulm_Diag_EM,1558351726,1,197,"$13,237 ","$22,973 "
Pulm_Diag_EM,1962953877,1,21,"$3,284 ","$3,340 "
Pulm_Diag_EM,1609822287,1,103,"$9,439 ","$30,375 "
Pulm_Diag_EM,1245345776,1,192,"$13,814 ","$16,761 "
Pulm_Diag_EM,1861049231,1,35,"$2,863 ","$7,168 "
Pulm_Diag_EM,1992204549,1,123,"$8,290 ","$9,488 "
Pulm_Diag_EM,1821345919,1,206,"$22,758 ","$23,709 "
Pulm_Diag_EM,1710453550,1,50,"$3,514 ","$7,264 "
Pulm_Diag_EM,1932208576,1,27,"$12,767 ","$15,486 "
Pulm_Diag_EM,1508341736,1,46,"$3,886 ","$7,005 "
Pulm_Diag_EM,1477791507,1,21,"$2,472 ","$2,532 "
Pulm_Diag_EM,1992757827,1,32,"$4,298 ","$4,543 "
Pulm_Diag_EM,1780623207,1,264,"$18,318 ","$20,445 "
Pulm_Diag_EM,1366790594,1,681,"$73,003 ","$82,135 "
Pulm_Diag_EM,1821277997,1,85,"$4,541 ","$7,596 "
Pulm_Diag_EM,1962446385,1,6,"$6,128 ","$8,872 "